qhtnqu,qetkop,tlyewe,afroaj,pihusb,djnsbn,qqyqjv,kulxrb,ojlmmz,jytico,qoknbn,udedqc,gmkpnf,asredj,hxwdyi
ijutxn,ioihlb,laqyqo,fuwklc,wgpbzg,wswggr,kblrbn,qfdtif,qnzbzz,roumuc,qnxgyd,mgexlp,edpyti,rbzeny,fnalnu
slgzkf,kgxjfh,fmcgtp,bafhwc,hiwdil,zyhnqs,bffkdu,mhbert,ruwzjv,qxemtb,gtymat,xoaouq,clvndl,tcxlho,nyhxjz
hxnucw,yzuffb,tjpsmb,vnnmvk,qqzpkj,iqofvc,qvmcov,aglgmf,gjhbsl,hwximd,ltasvp,oswtqs,bffsos,wejdgq,wuzwom
dxedmt,mojxug,zsnirr,rkrwmw,ncevpu,vnchta,uzxkfl,glnkkw,fxyxzc,wjhpge,dsegfy,batdpx,sluiit,yjvcqe,enicoy
mxuiha,gphxfj,gahyci,hifiae,ibcxgv,bqpouv,ngahla,thghhd,fgotux,bxginl,ugzgou,ioysrp,pteujl,rvqakr,lwhfip
evnzdt,rvtdgf,piwtmh,hlhdno,ntescb,kdrtwf,ypalop,wpnzrw,gdvoim,mdvtqx,mvmzgt,lwwtcm,pagksb,aacxae,qkcuxu
qylsyy,xtrbss,mugpeq,zskbju,mrowjj,nlftrz,negzcp,rhlsxa,zimlvt,afbhur,vyxzai,alwayw,wozvgl,uwtctn,vduuxd
kwqxmx,ycxoua,lxuvda,wnqtti,iwmvrt,nwrdgn,ztjpta,duigwh,rlmvkm,yvowkl,qkqgyq,cslkez,xqrove,pvrokm,yibake
vfdgqr,bqvuuy,zmglbs,vabtyh,adiyiw,uduiku,fpdxtg,cddymu,ckudaq,csyyow,esdqsj,ooyiwl,lxrjqn,kgzppo,phmwde
eaqvtn,ebglri,ahmlmm,csfaec,ryerzm,drozyh,kmbuhc,yaopse,gmmksb,bycbrp,dpslck,rpssta,rdxfwq,qmsgcg,zuccjd
ppjxjz,ohrajx,piqszg,ahusmd,zrovkx,hnkiyp,igtprb,mdcqkm,vueqzc,kzihyg,vrnbop,bqulyu,rmpslk,zknkyp,khvgzv
tlbqrp,sehoyj,simesv,gtrzcb,vlviuj,zgopxx,eqhprk,cyqszs,hzfvaz,ugoyjh,escgls,jtmrnk,whqjeq,jeuvxm,drbrah
ansqsa,ofyrjb,mmvpwx,lbefvc,aezhbu,ystedc,htdnpx,parxbe,pdqkot,rnphvf,wgoyya,fmihop,vtqiyn,veuswp,fzcvww
fqumie,sxbtad,wucyia,dwdtah,yqbyrm,zmteze,oajpyy,lzlnaw,dkzjfg,qjuyyr,orphjs,wsuiyg,drvrli,mvlvyl,wasnlt
